<?xml version="1.0" encoding="UTF-8" standalone="yes"?>
<Bakery>
    <name>Baking Bread</name>
    <address>Studentu 47</address>
    <customers>
        <customer>
            <customer_id>0</customer_id>
            <first_name>Ihor</first_name>
            <last_name>Halytskyi</last_name>
            <phone_number>+380675321902</phone_number>
            <Products>
                <Cart>
                    <id>0</id>
                    <product_name>Bread</product_name>
                    <product_price>15</product_price>
                </Cart>
                <Cart>
                    <id>0</id>
                    <product_name>Muffin</product_name>
                    <product_price>25</product_price>
                </Cart>
                <Cart>
                    <id>0</id>
                    <product_name>Pie</product_name>
                    <product_price>35</product_price>
                </Cart>
            </Products>
        </customer>
    </customers>
</Bakery>
